A,B,C,D,Volume,Height,H2
0.00,-60.00,2.00,1.00,10.684972,1988.237736,4.587351
1.00,-60.00,2.00,1.00,11.060418,1545.514995,2.340425
2.00,-60.00,2.00,1.00,10.263902,1600.471646,2.565286
3.00,-60.00,2.00,1.00,11.525675,1363.410002,2.033244
4.00,-60.00,2.00,1.00,10.130285,1749.554578,2.237491
5.00,-60.00,2.00,1.00,10.061117,1763.524632,2.563967
6.00,-60.00,2.00,1.00,11.228928,1644.182855,2.281569
7.00,-60.00,2.00,1.00,10.803167,1564.630346,2.139298
8.00,-60.00,2.00,1.00,10.548224,1447.623738,1.989238
9.00,-60.00,2.00,1.00,10.858424,1279.387955,1.830260
10.00,-60.00,2.00,1.00,11.203348,1789.455794,2.261911
0.00,-57.00,2.00,1.00,10.246874,2091.446797,4.702301
1.00,-57.00,2.00,1.00,11.189582,1625.914142,2.421566
2.00,-57.00,2.00,1.00,10.164288,1683.858080,2.650404
3.00,-57.00,2.00,1.00,11.464487,1434.192509,2.104829
4.00,-57.00,2.00,1.00,10.084735,1841.313652,2.329844
5.00,-57.00,2.00,1.00,9.933509,1854.908245,2.656774
6.00,-57.00,2.00,1.00,11.112758,1729.560082,2.367723
7.00,-57.00,2.00,1.00,10.804181,1645.682384,2.220993
8.00,-57.00,2.00,1.00,10.384920,1523.133552,2.065155
9.00,-57.00,2.00,1.00,10.708400,1345.571500,1.896798
10.00,-57.00,2.00,1.00,11.375280,1880.994500,2.356767
0.00,-54.00,2.00,1.00,10.300859,2205.971269,4.829925
1.00,-54.00,2.00,1.00,11.090881,1715.113909,2.511617
2.00,-54.00,2.00,1.00,10.053165,1776.244761,2.744747
3.00,-54.00,2.00,1.00,11.319025,1512.673742,2.184241
4.00,-54.00,2.00,1.00,9.965854,1943.151364,2.432342
5.00,-54.00,2.00,1.00,9.941356,1956.125271,2.759648
6.00,-54.00,2.00,1.00,10.940011,1824.232911,2.463288
7.00,-54.00,2.00,1.00,10.682797,1735.524792,2.311564
8.00,-54.00,2.00,1.00,10.330943,1606.923836,2.149416
9.00,-54.00,2.00,1.00,10.608335,1418.873154,1.970540
10.00,-54.00,2.00,1.00,10.994561,1987.752955,2.461492
0.00,-51.00,2.00,1.00,9.357040,2333.625993,4.973180
1.00,-51.00,2.00,1.00,10.954985,1814.585372,2.612105
2.00,-51.00,2.00,1.00,9.938565,1879.400929,2.850216
3.00,-51.00,2.00,1.00,11.035005,1600.173795,2.272827
4.00,-51.00,2.00,1.00,9.878916,2056.875105,2.546816
5.00,-51.00,2.00,1.00,10.028502,2069.005790,2.874479
6.00,-51.00,2.00,1.00,10.900892,1929.778002,2.569866
7.00,-51.00,2.00,1.00,10.558058,1835.654996,2.412529
8.00,-51.00,2.00,1.00,10.105354,1700.428076,2.243470
9.00,-51.00,2.00,1.00,10.677090,1500.556913,2.052702
10.00,-51.00,2.00,1.00,10.885297,2104.342372,2.578866
0.00,-48.00,2.00,1.00,10.050697,2476.735252,5.133570
1.00,-48.00,2.00,1.00,10.924256,1926.278719,2.724960
2.00,-48.00,2.00,1.00,9.850172,1995.222259,2.968772
3.00,-48.00,2.00,1.00,11.004143,1698.330971,2.372263
4.00,-48.00,2.00,1.00,9.816586,2184.698574,2.675503
5.00,-48.00,2.00,1.00,9.845993,2195.555046,3.003336
6.00,-48.00,2.00,1.00,10.783104,2048.188205,2.689483
7.00,-48.00,2.00,1.00,10.491978,1947.966155,2.525801
8.00,-48.00,2.00,1.00,10.141215,1805.433510,2.349123
9.00,-48.00,2.00,1.00,10.569190,1592.141191,2.144876
10.00,-48.00,2.00,1.00,10.839916,2232.913458,2.708703
0.00,-45.00,2.00,1.00,9.181024,2638.710078,5.315014
1.00,-45.00,2.00,1.00,10.343691,2052.466687,2.852567
2.00,-45.00,2.00,1.00,7.680000,2126.351710,3.103191
3.00,-45.00,2.00,1.00,10.744605,1809.202520,2.484650
4.00,-45.00,2.00,1.00,9.755364,2329.422269,2.821227
5.00,-45.00,2.00,1.00,9.834365,2338.470790,3.149009
6.00,-45.00,2.00,1.00,10.579517,2181.933807,2.824653
7.00,-45.00,2.00,1.00,10.365109,2074.781748,2.653734
8.00,-45.00,2.00,1.00,9.978410,1924.195455,2.468654
9.00,-45.00,2.00,1.00,10.625888,1697.928983,2.249073
10.00,-45.00,2.00,1.00,10.761663,2383.650199,2.859960
0.00,-42.00,2.00,1.00,9.110836,2823.019151,5.521598
1.00,-42.00,2.00,1.00,9.959822,2196.258948,2.997989
2.00,-42.00,2.00,1.00,9.696170,2275.403165,3.256111
3.00,-42.00,2.00,1.00,10.391876,1935.408100,2.612670
4.00,-42.00,2.00,1.00,9.752830,2494.720849,2.987699
5.00,-42.00,2.00,1.00,9.658355,2501.186656,3.315081
6.00,-42.00,2.00,1.00,10.383467,2334.192624,2.978609
7.00,-42.00,2.00,1.00,10.118517,2219.175395,2.799442
8.00,-42.00,2.00,1.00,9.934891,2059.589572,2.604969
9.00,-42.00,2.00,1.00,10.229016,1812.979831,2.367236
10.00,-42.00,2.00,1.00,10.567610,2552.809917,3.030267
0.00,-39.00,2.00,1.00,9.142789,3034.738835,5.758068
1.00,-39.00,2.00,1.00,9.700041,2361.596917,3.165348
2.00,-39.00,2.00,1.00,9.670386,2447.117953,3.432608
3.00,-39.00,2.00,1.00,10.457709,2080.341093,2.759795
4.00,-39.00,2.00,1.00,9.994274,2685.158407,3.179528
5.00,-39.00,2.00,1.00,9.774994,2688.040425,3.506000
6.00,-39.00,2.00,1.00,10.134801,2509.059789,3.155522
7.00,-39.00,2.00,1.00,10.116160,2384.828778,2.966652
8.00,-39.00,2.00,1.00,9.770438,2215.371110,2.761866
9.00,-39.00,2.00,1.00,10.210877,1947.708681,2.502964
10.00,-39.00,2.00,1.00,10.542292,2747.832494,3.226575
0.00,-36.00,2.00,1.00,9.018231,3280.749741,6.032740
1.00,-36.00,2.00,1.00,9.897012,2553.684517,3.359893
2.00,-36.00,2.00,1.00,9.627575,2646.894875,3.638303
3.00,-36.00,2.00,1.00,10.000843,2275.995880,2.959097
4.00,-36.00,2.00,1.00,9.871558,2907.090161,3.403131
5.00,-36.00,2.00,1.00,9.478436,2904.834353,3.727875
6.00,-36.00,2.00,1.00,10.075580,2711.939899,3.360903
7.00,-36.00,2.00,1.00,9.999102,2576.967184,3.160667
8.00,-36.00,2.00,1.00,9.757189,2396.495634,2.944360
9.00,-36.00,2.00,1.00,10.041261,2103.745843,2.660226
10.00,-36.00,2.00,1.00,10.381571,2975.076029,3.455346
0.00,-33.00,2.00,1.00,9.646674,3569.672851,6.355361
1.00,-33.00,2.00,1.00,9.615186,2779.565106,3.588805
2.00,-33.00,2.00,1.00,9.514169,2881.872295,3.880644
3.00,-33.00,2.00,1.00,9.895117,2445.703465,3.131136
4.00,-33.00,2.00,1.00,9.773358,3169.013946,3.667102
5.00,-33.00,2.00,1.00,9.427716,3159.365365,3.988823
6.00,-33.00,2.00,1.00,9.817818,2950.115760,3.602183
7.00,-33.00,2.00,1.00,9.842670,2802.415055,3.388413
8.00,-33.00,2.00,1.00,9.752769,2609.684142,3.159252
9.00,-33.00,2.00,1.00,9.790315,2286.471777,2.844469
10.00,-33.00,2.00,1.00,10.371342,3243.222308,3.725340
0.00,-30.00,2.00,1.00,8.866356,3914.080999,6.738818
1.00,-30.00,2.00,1.00,9.512401,3049.005389,3.862111
2.00,-30.00,2.00,1.00,9.486067,3162.790938,4.170975
3.00,-30.00,2.00,1.00,9.767087,2680.390872,3.369979
4.00,-30.00,2.00,1.00,9.711061,3482.873628,3.983510
5.00,-30.00,2.00,1.00,9.356937,3462.491592,4.300195
6.00,-30.00,2.00,1.00,9.594285,3212.386388,3.868594
7.00,-30.00,2.00,1.00,9.793247,3070.607591,3.659472
8.00,-30.00,2.00,1.00,9.625484,2864.255165,3.415976
9.00,-30.00,2.00,1.00,9.930712,2503.313531,3.063219
10.00,-30.00,2.00,1.00,10.104982,3564.340859,4.048730
0.00,-60.00,3.00,1.00,10.549157,1765.195351,3.634261
1.00,-60.00,3.00,1.00,9.861183,1316.848766,1.756164
2.00,-60.00,3.00,1.00,10.401653,1509.856657,2.191600
3.00,-60.00,3.00,1.00,10.701960,1212.606212,1.656165
4.00,-60.00,3.00,1.00,9.517102,1545.146716,1.919035
5.00,-60.00,3.00,1.00,9.993085,1571.548092,2.141012
6.00,-60.00,3.00,1.00,9.921948,1388.273299,1.835325
7.00,-60.00,3.00,1.00,9.745899,1332.182194,1.772111
8.00,-60.00,3.00,1.00,9.683635,1261.734292,1.670849
9.00,-60.00,3.00,1.00,10.575163,1177.481423,1.608891
10.00,-60.00,3.00,1.00,10.142898,1540.783882,1.902947
0.00,-57.00,3.00,1.00,9.469586,1856.684359,3.736974
1.00,-57.00,3.00,1.00,9.763520,1387.004014,1.826909
2.00,-57.00,3.00,1.00,10.752989,1588.575179,2.271320
3.00,-57.00,3.00,1.00,10.486025,1279.808152,1.725186
4.00,-57.00,3.00,1.00,9.483814,1625.834740,2.000182
5.00,-57.00,3.00,1.00,9.895430,1653.370289,2.223332
6.00,-57.00,3.00,1.00,9.767080,1462.399558,1.910360
7.00,-57.00,3.00,1.00,9.692170,1402.410071,1.843063
8.00,-57.00,3.00,1.00,9.804641,1327.557794,1.737133
9.00,-57.00,3.00,1.00,10.149051,1227.108285,1.654383
10.00,-57.00,3.00,1.00,10.238185,1621.709741,1.984340
0.00,-54.00,3.00,1.00,9.947591,1957.889478,3.850477
1.00,-54.00,3.00,1.00,9.654538,1465.018989,1.905602
2.00,-54.00,3.00,1.00,10.364084,1675.868889,2.359755
3.00,-54.00,3.00,1.00,10.521522,1363.382357,1.807924
4.00,-54.00,3.00,1.00,9.451102,1715.390811,2.090262
5.00,-54.00,3.00,1.00,9.634915,1744.069709,2.314607
6.00,-54.00,3.00,1.00,9.775979,1544.882069,1.993865
7.00,-54.00,3.00,1.00,9.743909,1480.443076,1.921914
8.00,-54.00,3.00,1.00,9.695455,1400.594808,1.810702
9.00,-54.00,3.00,1.00,10.194825,1294.451105,1.722250
10.00,-54.00,3.00,1.00,10.281565,1712.530698,2.076019
0.00,-51.00,3.00,1.00,10.009867,2070.801166,3.976864
1.00,-51.00,3.00,1.00,9.636600,1552.285454,1.993639
2.00,-51.00,3.00,1.00,7.680000,1773.438338,2.458670
3.00,-51.00,3.00,1.00,10.361910,1430.701222,1.877506
4.00,-51.00,3.00,1.00,9.353734,1815.329939,2.190806
5.00,-51.00,3.00,1.00,9.536778,1845.297583,2.416503
6.00,-51.00,3.00,1.00,9.772435,1636.946599,2.086378
7.00,-51.00,3.00,1.00,9.672879,1567.661795,2.010062
8.00,-51.00,3.00,1.00,9.644759,1482.086579,1.892812
9.00,-51.00,3.00,1.00,10.285957,1373.938071,1.802505
10.00,-51.00,3.00,1.00,10.044769,1820.093007,2.184194
0.00,-48.00,3.00,1.00,9.295263,2197.468903,4.118003
1.00,-48.00,3.00,1.00,9.623190,1650.531963,2.092779
2.00,-48.00,3.00,1.00,7.680000,1882.820049,2.569632
3.00,-48.00,3.00,1.00,10.528697,1527.490250,1.976388
4.00,-48.00,3.00,1.00,9.322613,1927.626551,2.303809
5.00,-48.00,3.00,1.00,9.619457,1959.885958,2.533161
6.00,-48.00,3.00,1.00,9.570242,1741.196315,2.192642
7.00,-48.00,3.00,1.00,9.587883,1665.785597,2.109247
8.00,-48.00,3.00,1.00,9.560956,1573.586976,1.985037
9.00,-48.00,3.00,1.00,10.209572,1446.851191,1.873360
10.00,-48.00,3.00,1.00,10.162191,1924.883434,2.289495
0.00,-45.00,3.00,1.00,9.640832,2340.401235,4.276794
1.00,-45.00,3.00,1.00,9.477827,1761.961387,2.205252
2.00,-45.00,3.00,1.00,9.951887,2006.782840,2.695473
3.00,-45.00,3.00,1.00,10.174183,1621.398595,2.070107
4.00,-45.00,3.00,1.00,9.259720,2054.678676,2.431692
5.00,-45.00,3.00,1.00,9.369367,2087.273677,2.660190
6.00,-45.00,3.00,1.00,9.518422,1859.218407,2.312155
7.00,-45.00,3.00,1.00,9.400740,1776.973780,2.221656
8.00,-45.00,3.00,1.00,10.345215,1834.318962,2.294665
9.00,-45.00,3.00,1.00,10.079031,1546.096353,1.974508
10.00,-45.00,3.00,1.00,10.006845,2052.748250,2.418225
0.00,-42.00,3.00,1.00,9.676148,2503.062584,4.456654
1.00,-42.00,3.00,1.00,9.413247,1889.337900,2.333858
2.00,-42.00,3.00,1.00,9.745041,2147.983360,2.838942
3.00,-42.00,3.00,1.00,10.082976,1736.823670,2.186730
4.00,-42.00,3.00,1.00,9.211143,2199.582502,2.577582
5.00,-42.00,3.00,1.00,9.361615,2233.593548,2.807616
6.00,-42.00,3.00,1.00,9.491258,1994.270897,2.448915
7.00,-42.00,3.00,1.00,9.356161,1904.030152,2.350128
8.00,-42.00,3.00,1.00,9.461182,1794.960926,2.208285
9.00,-42.00,3.00,1.00,9.896166,1657.445159,2.088403
10.00,-42.00,3.00,1.00,9.849363,2198.721416,2.565240
0.00,-39.00,3.00,1.00,9.510183,2689.905490,4.662045
3.00,-39.00,3.00,1.00,10.127018,1873.083692,2.324603
4.00,-39.00,3.00,1.00,9.171785,2366.392616,2.745579
5.00,-39.00,3.00,1.00,9.242905,2401.768938,2.977126
6.00,-39.00,3.00,1.00,9.551821,2150.231792,2.606846
7.00,-39.00,3.00,1.00,9.269597,2050.557446,2.498312
8.00,-39.00,3.00,1.00,10.677956,2168.310515,2.658721
9.00,-39.00,3.00,1.00,9.766421,1782.001360,2.214164
10.00,-39.00,3.00,1.00,9.815685,2366.919035,2.734679
0.00,-36.00,3.00,1.00,9.575081,2906.495308,4.898822
1.00,-36.00,3.00,1.00,9.385993,2207.695208,2.655441
2.00,-36.00,3.00,1.00,9.643929,2500.290035,3.197471
3.00,-36.00,3.00,1.00,9.884570,2023.864996,2.476879
4.00,-36.00,3.00,1.00,9.128553,2561.003972,2.941581
5.00,-36.00,3.00,1.00,9.309892,2594.341544,3.171159
7.00,-36.00,3.00,1.00,9.271177,2221.367420,2.671080
8.00,-36.00,3.00,1.00,9.409074,2088.105966,2.504152
9.00,-36.00,3.00,1.00,9.931427,1933.541427,2.371114
10.00,-36.00,3.00,1.00,9.673595,2562.853632,2.932113
0.00,-33.00,3.00,1.00,9.402308,3160.529017,5.175073
1.00,-33.00,3.00,1.00,9.355177,2409.973912,2.859876
2.00,-33.00,3.00,1.00,9.549096,2522.167273,3.180942
3.00,-33.00,3.00,1.00,9.787720,2205.128551,2.660187
4.00,-33.00,3.00,1.00,9.090872,2790.531453,3.172962
5.00,-33.00,3.00,1.00,9.206272,2825.829655,3.405413
6.00,-33.00,3.00,1.00,9.512852,2547.446962,3.009060
7.00,-33.00,3.00,1.00,9.264641,2423.011994,2.875057
8.00,-33.00,3.00,1.00,9.315001,2273.351672,2.691243
9.00,-33.00,3.00,1.00,9.648047,2096.315648,2.531747
10.00,-33.00,3.00,1.00,9.632802,2793.999440,3.165090
0.00,-30.00,3.00,1.00,9.584071,3462.788834,5.501655
1.00,-30.00,3.00,1.00,9.137897,2652.157023,3.104743
2.00,-30.00,3.00,1.00,9.514432,2988.619790,3.695608
3.00,-30.00,3.00,1.00,9.641871,2418.812847,2.874249
4.00,-30.00,3.00,1.00,9.050910,3065.300784,3.449972
5.00,-30.00,3.00,1.00,9.226818,3100.763804,3.682283
6.00,-30.00,3.00,1.00,9.406001,2805.379156,3.270220
7.00,-30.00,3.00,1.00,9.366023,2664.534160,3.119396
8.00,-30.00,3.00,1.00,9.241813,2494.228736,2.914434
9.00,-30.00,3.00,1.00,9.607821,2298.489330,2.736183
10.00,-30.00,3.00,1.00,9.554835,3071.180986,3.444568
0.00,-60.00,4.00,1.00,9.546701,1654.269571,3.158288
1.00,-60.00,4.00,1.00,9.449961,1164.192729,1.527550
0.00,-60.00,2.00,2.00,10.081133,1670.789119,2.857892
1.00,-60.00,2.00,2.00,11.529036,1366.937627,2.121592
2.00,-60.00,2.00,2.00,10.559495,1458.834125,1.992512
3.00,-60.00,2.00,2.00,12.048369,1517.969424,2.031605
4.00,-60.00,2.00,2.00,9.650234,1385.004848,1.706895
5.00,-60.00,2.00,2.00,9.993310,1471.990993,1.924847
6.00,-60.00,2.00,2.00,7.679936,1518.970500,1.959269
7.00,-60.00,2.00,2.00,10.521841,1507.055631,1.944949
8.00,-60.00,2.00,2.00,10.733921,1255.960078,1.802608
9.00,-60.00,2.00,2.00,11.195035,1467.730021,1.956268
10.00,-60.00,2.00,2.00,10.000057,1409.012372,1.727893
0.00,-57.00,2.00,2.00,10.019071,1757.618933,2.947079
1.00,-57.00,2.00,2.00,11.149124,1437.753947,2.193346
2.00,-57.00,2.00,2.00,10.460889,1534.587882,2.068901
3.00,-57.00,2.00,2.00,12.044233,1596.971271,2.111199
4.00,-57.00,2.00,2.00,10.073680,1464.930082,1.786960
5.00,-57.00,2.00,2.00,9.948552,1549.021009,2.002410
6.00,-57.00,2.00,2.00,10.783650,1598.522790,2.039284
7.00,-57.00,2.00,2.00,10.597194,1585.894657,2.024262
8.00,-57.00,2.00,2.00,10.688421,1321.041114,1.868053
9.00,-57.00,2.00,2.00,11.048495,1544.587150,2.033760
10.00,-57.00,2.00,2.00,9.902161,1482.768272,1.802129
0.00,-54.00,2.00,2.00,9.914805,1853.912119,3.046030
1.00,-54.00,2.00,2.00,11.199856,1516.246332,2.272924
2.00,-54.00,2.00,2.00,10.383830,1618.607895,2.153663
3.00,-54.00,2.00,2.00,11.663217,1684.630640,2.199545
4.00,-54.00,2.00,2.00,9.565778,1537.815757,1.860700
5.00,-54.00,2.00,2.00,9.928196,1634.414787,2.088302
6.00,-54.00,2.00,2.00,10.679722,1686.792949,2.128226
7.00,-54.00,2.00,2.00,10.408030,1673.413486,2.112327
8.00,-54.00,2.00,2.00,10.759655,1393.201508,1.940616
9.00,-54.00,2.00,2.00,11.259987,1629.914897,2.119770
10.00,-54.00,2.00,2.00,9.902355,1564.686037,1.884515
0.00,-51.00,2.00,2.00,9.868362,1961.426364,3.156699
1.00,-51.00,2.00,2.00,11.094913,1603.726643,2.361668
2.00,-51.00,2.00,2.00,10.322485,1712.333476,2.248257
3.00,-51.00,2.00,2.00,11.736319,1782.420854,2.298134
4.00,-51.00,2.00,2.00,9.697785,1629.200890,1.952711
5.00,-51.00,2.00,2.00,9.801178,1729.620915,2.184249
6.00,-51.00,2.00,2.00,7.680000,1734.296743,2.173264
7.00,-51.00,2.00,2.00,10.300214,1771.077641,2.210608
8.00,-51.00,2.00,2.00,10.515157,1473.595761,2.021513
9.00,-51.00,2.00,2.00,11.131256,1725.188397,2.215913
10.00,-51.00,2.00,2.00,9.797556,1656.110282,1.976485
0.00,-48.00,2.00,2.00,9.821520,2081.897263,3.280838
1.00,-48.00,2.00,2.00,10.234980,1701.822013,2.461232
2.00,-48.00,2.00,2.00,10.119585,1817.541106,2.354495
3.00,-48.00,2.00,2.00,11.579164,1892.200505,2.408851
4.00,-48.00,2.00,2.00,9.483692,1728.838524,2.052828
5.00,-48.00,2.00,2.00,9.826810,1836.676167,2.292082
6.00,-48.00,2.00,2.00,10.395670,1896.218607,2.339106
7.00,-48.00,2.00,2.00,10.158631,1880.832088,2.321066
8.00,-48.00,2.00,2.00,10.365119,1563.760831,2.112251
9.00,-48.00,2.00,2.00,11.123448,1832.189831,2.323992
10.00,-48.00,2.00,2.00,9.748941,1758.976996,2.079896
0.00,-45.00,2.00,2.00,9.707860,2218.121997,3.421425
1.00,-45.00,2.00,2.00,10.587553,1812.556358,2.573735
2.00,-45.00,2.00,2.00,10.047083,1936.401911,2.474569
3.00,-45.00,2.00,2.00,11.376448,2016.312916,2.534089
4.00,-45.00,2.00,2.00,9.471552,1843.247542,2.168025
5.00,-45.00,2.00,2.00,9.721445,1957.761042,2.414052
6.00,-45.00,2.00,2.00,10.447598,2021.526917,2.465234
7.00,-45.00,2.00,2.00,10.462245,1952.960973,2.392843
8.00,-45.00,2.00,2.00,10.340992,1665.601930,2.214757
9.00,-45.00,2.00,2.00,10.965704,1953.427434,2.446400
10.00,-45.00,2.00,2.00,9.668786,1875.466106,2.197174
0.00,-42.00,2.00,2.00,9.589817,2373.382850,3.581973
1.00,-42.00,2.00,2.00,10.220137,1938.534640,2.701804
2.00,-42.00,2.00,2.00,9.990381,2071.839836,2.611476
3.00,-42.00,2.00,2.00,11.078792,2157.819454,2.676939
4.00,-42.00,2.00,2.00,8.985268,1810.628094,2.133780
5.00,-42.00,2.00,2.00,9.749296,2095.936058,2.553198
6.00,-42.00,2.00,2.00,10.284838,2164.783415,2.609194
7.00,-42.00,2.00,2.00,10.063126,2146.595811,2.588609
8.00,-42.00,2.00,2.00,10.199268,1781.456368,2.331426
9.00,-42.00,2.00,2.00,10.846320,2091.758057,2.586218
10.00,-42.00,2.00,2.00,9.564620,2008.465098,2.331086
0.00,-39.00,2.00,2.00,9.572632,2551.873160,3.766865
1.00,-39.00,2.00,2.00,9.969459,2083.101967,2.848869
2.00,-39.00,2.00,2.00,10.019794,2227.532867,2.768946
3.00,-39.00,2.00,2.00,10.998976,2320.584756,2.841334
4.00,-39.00,2.00,2.00,9.299246,2124.308593,2.451133
5.00,-39.00,2.00,2.00,9.591381,2255.008764,2.713496
6.00,-39.00,2.00,2.00,10.112899,2330.356461,2.775718
7.00,-39.00,2.00,2.00,9.991351,2309.526251,2.752656
8.00,-39.00,2.00,2.00,10.033508,1914.457394,2.465413
9.00,-39.00,2.00,2.00,10.682801,2251.172451,2.747460
10.00,-39.00,2.00,2.00,9.520266,2161.753365,2.485444
0.00,-36.00,2.00,2.00,9.513547,2759.258300,3.982133
1.00,-36.00,2.00,2.00,9.817981,2250.624783,3.019463
2.00,-36.00,2.00,2.00,9.889395,2408.411744,2.952017
3.00,-36.00,2.00,2.00,10.817697,2509.799378,3.032555
4.00,-36.00,2.00,2.00,9.277666,2299.578569,2.627780
5.00,-36.00,2.00,2.00,9.200072,2356.645861,2.823548
6.00,-36.00,2.00,2.00,10.000942,2520.894521,2.968253
7.00,-36.00,2.00,2.00,9.934288,2499.174422,2.943666
8.00,-36.00,2.00,2.00,9.955090,2068.652661,2.620815
9.00,-36.00,2.00,2.00,10.501173,2436.862222,2.935409
10.00,-36.00,2.00,2.00,9.471454,2340.336602,2.665447
0.00,-33.00,2.00,2.00,9.457975,3003.131402,4.235853
1.00,-33.00,2.00,2.00,9.534440,2447.010012,3.219597
2.00,-33.00,2.00,2.00,9.833970,2621.103198,3.167439
3.00,-33.00,2.00,2.00,10.515767,2732.491693,3.257733
4.00,-33.00,2.00,2.00,9.278045,2506.343363,2.836351
5.00,-33.00,2.00,2.00,9.464147,2658.261978,3.119966
6.00,-33.00,2.00,2.00,9.832046,2746.881512,3.196020
7.00,-33.00,2.00,2.00,9.805928,2722.841339,3.168910
8.00,-33.00,2.00,2.00,9.917845,2249.523154,2.803183
9.00,-33.00,2.00,2.00,10.567506,2655.899255,3.157289
10.00,-33.00,2.00,2.00,9.424524,2551.146864,2.877904
0.00,-30.00,2.00,2.00,9.437904,3294.292226,4.539539
1.00,-30.00,2.00,2.00,9.673857,2680.332737,3.457557
2.00,-30.00,2.00,2.00,9.703282,2842.000186,3.394582
3.00,-30.00,2.00,2.00,10.499738,2998.938222,3.527419
4.00,-30.00,2.00,2.00,9.427604,2748.236574,3.082959
5.00,-30.00,2.00,2.00,9.438475,2918.836458,3.382845
6.00,-30.00,2.00,2.00,9.713633,3017.350771,3.468571
7.00,-30.00,2.00,2.00,9.731751,2990.254359,3.438404
8.00,-30.00,2.00,2.00,9.754309,2464.630992,3.020180
9.00,-30.00,2.00,2.00,10.387592,2918.201555,3.423244
10.00,-30.00,2.00,2.00,9.423846,2803.562039,3.132439
0.00,-60.00,3.00,2.00,11.148092,1542.455893,2.346316
1.00,-60.00,3.00,2.00,10.091384,1091.555040,1.530698
2.00,-60.00,3.00,2.00,10.574787,1265.229236,1.634994
3.00,-60.00,3.00,2.00,10.852278,1278.918026,1.638147
8.00,-60.00,3.00,2.00,9.823998,1043.565703,1.457990
9.00,-60.00,3.00,2.00,10.385343,1207.841166,1.561498
0.00,-57.00,3.00,2.00,11.035272,1622.194510,2.427730
1.00,-57.00,3.00,2.00,10.033536,1149.136050,1.588793
2.00,-57.00,3.00,2.00,10.324208,1321.448917,1.690985
3.00,-57.00,3.00,2.00,10.700221,1344.406277,1.705413
4.00,-57.00,3.00,2.00,9.216867,1176.857424,1.436225
5.00,-57.00,3.00,2.00,7.679966,1369.609104,1.699941
6.00,-57.00,3.00,2.00,7.680000,1364.442941,1.690957
7.00,-57.00,3.00,2.00,7.680008,1366.749518,1.691336
8.00,-57.00,3.00,2.00,9.854569,1097.685877,1.512488
0.00,-54.00,3.00,2.00,10.867538,1710.551894,2.518027
1.00,-54.00,3.00,2.00,10.047350,1213.079391,1.653323
2.00,-54.00,3.00,2.00,10.015056,1329.749835,1.705692
3.00,-54.00,3.00,2.00,10.543424,1436.848827,1.796457
4.00,-54.00,3.00,2.00,9.139907,1241.040899,1.500836
5.00,-54.00,3.00,2.00,7.680000,1454.225825,1.788846
6.00,-54.00,3.00,2.00,7.679974,1504.793068,1.830556
7.00,-54.00,3.00,2.00,7.680007,1441.148690,1.766301
9.00,-54.00,3.00,2.00,10.427830,1341.889085,1.696931
10.00,-54.00,3.00,2.00,9.804926,1265.661448,1.525217
0.00,-51.00,3.00,2.00,10.739312,1809.011987,2.618763
2.00,-51.00,3.00,2.00,10.242803,1482.012047,1.852535
3.00,-51.00,3.00,2.00,10.683195,1516.084295,1.875743
4.00,-51.00,3.00,2.00,9.113523,1312.650684,1.572806
5.00,-51.00,3.00,2.00,7.680052,1527.431914,1.859076
6.00,-51.00,3.00,2.00,7.680000,1561.876478,1.890338
8.00,-51.00,3.00,2.00,10.297200,1232.953817,1.659901
9.00,-51.00,3.00,2.00,10.393190,1417.387098,1.772042
10.00,-51.00,3.00,2.00,9.738034,1338.656347,1.598634
0.00,-48.00,3.00,2.00,10.669719,1919.364903,2.731795
1.00,-48.00,3.00,2.00,9.915347,1364.745428,1.806446
0.00,-60.00,2.00,1.00,10.684972,1988.237736,4.587351
1.00,-60.00,2.00,1.00,11.060418,1545.514995,2.340425
2.00,-60.00,2.00,1.00,10.263902,1600.471646,2.565286
3.00,-60.00,2.00,1.00,11.525675,1363.410002,2.033244
4.00,-60.00,2.00,1.00,10.130285,1749.554578,2.237491
5.00,-60.00,2.00,1.00,10.061117,1763.524632,2.563967
6.00,-60.00,2.00,1.00,11.228928,1644.182855,2.281569
7.00,-60.00,2.00,1.00,10.803167,1564.630346,2.139298
8.00,-60.00,2.00,1.00,10.548224,1447.623738,1.989238
9.00,-60.00,2.00,1.00,10.858424,1279.387955,1.830260
10.00,-60.00,2.00,1.00,11.203348,1789.455794,2.261911
0.00,-57.00,2.00,1.00,10.246874,2091.446797,4.702301
1.00,-57.00,2.00,1.00,11.189582,1625.914142,2.421566
2.00,-57.00,2.00,1.00,10.164288,1683.858080,2.650404
3.00,-57.00,2.00,1.00,11.464487,1434.192509,2.104829
4.00,-57.00,2.00,1.00,10.084735,1841.313652,2.329844
5.00,-57.00,2.00,1.00,9.933509,1854.908245,2.656774
6.00,-57.00,2.00,1.00,11.112758,1729.560082,2.367723
7.00,-57.00,2.00,1.00,10.804181,1645.682384,2.220993
8.00,-57.00,2.00,1.00,10.384920,1523.133552,2.065155
9.00,-57.00,2.00,1.00,10.708400,1345.571500,1.896798
10.00,-57.00,2.00,1.00,11.375280,1880.994500,2.356767
0.00,-54.00,2.00,1.00,10.300859,2205.971269,4.829925
1.00,-54.00,2.00,1.00,11.090881,1715.113909,2.511617
2.00,-54.00,2.00,1.00,10.053165,1776.244761,2.744747
3.00,-54.00,2.00,1.00,11.319025,1512.673742,2.184241
4.00,-54.00,2.00,1.00,9.965854,1943.151364,2.432342
5.00,-54.00,2.00,1.00,9.941356,1956.125271,2.759648
6.00,-54.00,2.00,1.00,10.940011,1824.232911,2.463288
7.00,-54.00,2.00,1.00,10.682797,1735.524792,2.311564
8.00,-54.00,2.00,1.00,10.330943,1606.923836,2.149416
9.00,-54.00,2.00,1.00,10.608335,1418.873154,1.970540
10.00,-54.00,2.00,1.00,10.994561,1987.752955,2.461492
0.00,-51.00,2.00,1.00,9.357040,2333.625993,4.973180
1.00,-51.00,2.00,1.00,10.954985,1814.585372,2.612105
2.00,-51.00,2.00,1.00,9.938565,1879.400929,2.850216
3.00,-51.00,2.00,1.00,11.035005,1600.173795,2.272827
4.00,-51.00,2.00,1.00,9.878916,2056.875105,2.546816
5.00,-51.00,2.00,1.00,10.028502,2069.005790,2.874479
6.00,-51.00,2.00,1.00,10.900892,1929.778002,2.569866
7.00,-51.00,2.00,1.00,10.558058,1835.654996,2.412529
8.00,-51.00,2.00,1.00,10.105354,1700.428076,2.243470
9.00,-51.00,2.00,1.00,10.677090,1500.556913,2.052702
10.00,-51.00,2.00,1.00,10.885297,2104.342372,2.578866
0.00,-48.00,2.00,1.00,10.050697,2476.735252,5.133570
1.00,-48.00,2.00,1.00,10.924256,1926.278719,2.724960
2.00,-48.00,2.00,1.00,9.850172,1995.222259,2.968772
3.00,-48.00,2.00,1.00,11.004143,1698.330971,2.372263
4.00,-48.00,2.00,1.00,9.816586,2184.698574,2.675503
5.00,-48.00,2.00,1.00,9.845993,2195.555046,3.003336
6.00,-48.00,2.00,1.00,10.783104,2048.188205,2.689483
7.00,-48.00,2.00,1.00,10.491978,1947.966155,2.525801
8.00,-48.00,2.00,1.00,10.141215,1805.433510,2.349123
9.00,-48.00,2.00,1.00,10.569190,1592.141191,2.144876
10.00,-48.00,2.00,1.00,10.839916,2232.913458,2.708703
0.00,-45.00,2.00,1.00,9.181024,2638.710078,5.315014
1.00,-45.00,2.00,1.00,10.343691,2052.466687,2.852567
2.00,-45.00,2.00,1.00,7.680000,2126.351710,3.103191
3.00,-45.00,2.00,1.00,10.744605,1809.202520,2.484650
4.00,-45.00,2.00,1.00,9.755364,2329.422269,2.821227
5.00,-45.00,2.00,1.00,9.834365,2338.470790,3.149009
6.00,-45.00,2.00,1.00,10.579517,2181.933807,2.824653
7.00,-45.00,2.00,1.00,10.365109,2074.781748,2.653734
8.00,-45.00,2.00,1.00,9.978410,1924.195455,2.468654
9.00,-45.00,2.00,1.00,10.625888,1697.928983,2.249073
10.00,-45.00,2.00,1.00,10.761663,2383.650199,2.859960
0.00,-42.00,2.00,1.00,9.110836,2823.019151,5.521598
1.00,-42.00,2.00,1.00,9.959822,2196.258948,2.997989
2.00,-42.00,2.00,1.00,9.696170,2275.403165,3.256111
3.00,-42.00,2.00,1.00,10.391876,1935.408100,2.612670
4.00,-42.00,2.00,1.00,9.752830,2494.720849,2.987699
5.00,-42.00,2.00,1.00,9.658355,2501.186656,3.315081
6.00,-42.00,2.00,1.00,10.383467,2334.192624,2.978609
7.00,-42.00,2.00,1.00,10.118517,2219.175395,2.799442
8.00,-42.00,2.00,1.00,9.934891,2059.589572,2.604969
9.00,-42.00,2.00,1.00,10.229016,1812.979831,2.367236
10.00,-42.00,2.00,1.00,10.567610,2552.809917,3.030267
0.00,-39.00,2.00,1.00,9.142789,3034.738835,5.758068
1.00,-39.00,2.00,1.00,9.700041,2361.596917,3.165348
2.00,-39.00,2.00,1.00,9.670386,2447.117953,3.432608
3.00,-39.00,2.00,1.00,10.457709,2080.341093,2.759795
4.00,-39.00,2.00,1.00,9.994274,2685.158407,3.179528
5.00,-39.00,2.00,1.00,9.774994,2688.040425,3.506000
6.00,-39.00,2.00,1.00,10.134801,2509.059789,3.155522
7.00,-39.00,2.00,1.00,10.116160,2384.828778,2.966652
8.00,-39.00,2.00,1.00,9.770438,2215.371110,2.761866
9.00,-39.00,2.00,1.00,10.210877,1947.708681,2.502964
10.00,-39.00,2.00,1.00,10.542292,2747.832494,3.226575
0.00,-36.00,2.00,1.00,9.018231,3280.749741,6.032740
1.00,-36.00,2.00,1.00,9.897012,2553.684517,3.359893
2.00,-36.00,2.00,1.00,9.627575,2646.894875,3.638303
3.00,-36.00,2.00,1.00,10.000843,2275.995880,2.959097
4.00,-36.00,2.00,1.00,9.871558,2907.090161,3.403131
5.00,-36.00,2.00,1.00,9.478436,2904.834353,3.727875
6.00,-36.00,2.00,1.00,10.075580,2711.939899,3.360903
7.00,-36.00,2.00,1.00,9.999102,2576.967184,3.160667
8.00,-36.00,2.00,1.00,9.757189,2396.495634,2.944360
9.00,-36.00,2.00,1.00,10.041261,2103.745843,2.660226
10.00,-36.00,2.00,1.00,10.381571,2975.076029,3.455346
0.00,-33.00,2.00,1.00,9.646674,3569.672851,6.355361
1.00,-33.00,2.00,1.00,9.615186,2779.565106,3.588805
2.00,-33.00,2.00,1.00,9.514169,2881.872295,3.880644
3.00,-33.00,2.00,1.00,9.895117,2445.703465,3.131136
4.00,-33.00,2.00,1.00,9.773358,3169.013946,3.667102
5.00,-33.00,2.00,1.00,9.427716,3159.365365,3.988823
6.00,-33.00,2.00,1.00,9.817818,2950.115760,3.602183
7.00,-33.00,2.00,1.00,9.842670,2802.415055,3.388413
8.00,-33.00,2.00,1.00,9.752769,2609.684142,3.159252
9.00,-33.00,2.00,1.00,9.790315,2286.471777,2.844469
10.00,-33.00,2.00,1.00,10.371342,3243.222308,3.725340
0.00,-30.00,2.00,1.00,8.866356,3914.080999,6.738818
1.00,-30.00,2.00,1.00,9.512401,3049.005389,3.862111
2.00,-30.00,2.00,1.00,9.486067,3162.790938,4.170975
3.00,-30.00,2.00,1.00,9.767087,2680.390872,3.369979
4.00,-30.00,2.00,1.00,9.711061,3482.873628,3.983510
5.00,-30.00,2.00,1.00,9.356937,3462.491592,4.300195
6.00,-30.00,2.00,1.00,9.594285,3212.386388,3.868594
7.00,-30.00,2.00,1.00,9.793247,3070.607591,3.659472
8.00,-30.00,2.00,1.00,9.625484,2864.255165,3.415976
9.00,-30.00,2.00,1.00,9.930712,2503.313531,3.063219
10.00,-30.00,2.00,1.00,10.104982,3564.340859,4.048730
0.00,-60.00,3.00,1.00,10.549157,1765.195351,3.634261
1.00,-60.00,3.00,1.00,9.861183,1316.848766,1.756164
2.00,-60.00,3.00,1.00,10.401653,1509.856657,2.191600
3.00,-60.00,3.00,1.00,10.701960,1212.606212,1.656165
4.00,-60.00,3.00,1.00,9.517102,1545.146716,1.919035
5.00,-60.00,3.00,1.00,9.993085,1571.548092,2.141012
6.00,-60.00,3.00,1.00,9.921948,1388.273299,1.835325
7.00,-60.00,3.00,1.00,9.745899,1332.182194,1.772111
8.00,-60.00,3.00,1.00,9.683635,1261.734292,1.670849
9.00,-60.00,3.00,1.00,10.575163,1177.481423,1.608891
10.00,-60.00,3.00,1.00,10.142898,1540.783882,1.902947
0.00,-57.00,3.00,1.00,9.469586,1856.684359,3.736974
1.00,-57.00,3.00,1.00,9.763520,1387.004014,1.826909
2.00,-57.00,3.00,1.00,10.752989,1588.575179,2.271320
3.00,-57.00,3.00,1.00,10.486025,1279.808152,1.725186
4.00,-57.00,3.00,1.00,9.483814,1625.834740,2.000182
5.00,-57.00,3.00,1.00,9.895430,1653.370289,2.223332
6.00,-57.00,3.00,1.00,9.767080,1462.399558,1.910360
7.00,-57.00,3.00,1.00,9.692170,1402.410071,1.843063
8.00,-57.00,3.00,1.00,9.804641,1327.557794,1.737133
9.00,-57.00,3.00,1.00,10.149051,1227.108285,1.654383
10.00,-57.00,3.00,1.00,10.238185,1621.709741,1.984340
0.00,-54.00,3.00,1.00,9.947591,1957.889478,3.850477
1.00,-54.00,3.00,1.00,9.654538,1465.018989,1.905602
2.00,-54.00,3.00,1.00,10.364084,1675.868889,2.359755
3.00,-54.00,3.00,1.00,10.521522,1363.382357,1.807924
4.00,-54.00,3.00,1.00,9.451102,1715.390811,2.090262
5.00,-54.00,3.00,1.00,9.634915,1744.069709,2.314607
6.00,-54.00,3.00,1.00,9.775979,1544.882069,1.993865
7.00,-54.00,3.00,1.00,9.743909,1480.443076,1.921914
8.00,-54.00,3.00,1.00,9.695455,1400.594808,1.810702
9.00,-54.00,3.00,1.00,10.194825,1294.451105,1.722250
10.00,-54.00,3.00,1.00,10.281565,1712.530698,2.076019
0.00,-51.00,3.00,1.00,10.009867,2070.801166,3.976864
1.00,-51.00,3.00,1.00,9.636600,1552.285454,1.993639
2.00,-51.00,3.00,1.00,7.680000,1773.438338,2.458670
3.00,-51.00,3.00,1.00,10.361910,1430.701222,1.877506
4.00,-51.00,3.00,1.00,9.353734,1815.329939,2.190806
5.00,-51.00,3.00,1.00,9.536778,1845.297583,2.416503
6.00,-51.00,3.00,1.00,9.772435,1636.946599,2.086378
7.00,-51.00,3.00,1.00,9.672879,1567.661795,2.010062
8.00,-51.00,3.00,1.00,9.644759,1482.086579,1.892812
9.00,-51.00,3.00,1.00,10.285957,1373.938071,1.802505
10.00,-51.00,3.00,1.00,10.044769,1820.093007,2.184194
0.00,-48.00,3.00,1.00,9.295263,2197.468903,4.118003
1.00,-48.00,3.00,1.00,9.623190,1650.531963,2.092779
2.00,-48.00,3.00,1.00,7.680000,1882.820049,2.569632
3.00,-48.00,3.00,1.00,10.528697,1527.490250,1.976388
4.00,-48.00,3.00,1.00,9.322613,1927.626551,2.303809
5.00,-48.00,3.00,1.00,9.619457,1959.885958,2.533161
6.00,-48.00,3.00,1.00,9.570242,1741.196315,2.192642
7.00,-48.00,3.00,1.00,9.587883,1665.785597,2.109247
8.00,-48.00,3.00,1.00,9.560956,1573.586976,1.985037
9.00,-48.00,3.00,1.00,10.209572,1446.851191,1.873360
10.00,-48.00,3.00,1.00,10.162191,1924.883434,2.289495
0.00,-45.00,3.00,1.00,9.640832,2340.401235,4.276794
1.00,-45.00,3.00,1.00,9.477827,1761.961387,2.205252
2.00,-45.00,3.00,1.00,9.951887,2006.782840,2.695473
3.00,-45.00,3.00,1.00,10.174183,1621.398595,2.070107
4.00,-45.00,3.00,1.00,9.259720,2054.678676,2.431692
5.00,-45.00,3.00,1.00,9.369367,2087.273677,2.660190
6.00,-45.00,3.00,1.00,9.518422,1859.218407,2.312155
7.00,-45.00,3.00,1.00,9.400740,1776.973780,2.221656
8.00,-45.00,3.00,1.00,10.345215,1834.318962,2.294665
9.00,-45.00,3.00,1.00,10.079031,1546.096353,1.974508
10.00,-45.00,3.00,1.00,10.006845,2052.748250,2.418225
0.00,-42.00,3.00,1.00,9.676148,2503.062584,4.456654
1.00,-42.00,3.00,1.00,9.413247,1889.337900,2.333858
2.00,-42.00,3.00,1.00,9.745041,2147.983360,2.838942
3.00,-42.00,3.00,1.00,10.082976,1736.823670,2.186730
4.00,-42.00,3.00,1.00,9.211143,2199.582502,2.577582
5.00,-42.00,3.00,1.00,9.361615,2233.593548,2.807616
6.00,-42.00,3.00,1.00,9.491258,1994.270897,2.448915
7.00,-42.00,3.00,1.00,9.356161,1904.030152,2.350128
8.00,-42.00,3.00,1.00,9.461182,1794.960926,2.208285
9.00,-42.00,3.00,1.00,9.896166,1657.445159,2.088403
10.00,-42.00,3.00,1.00,9.849363,2198.721416,2.565240
0.00,-39.00,3.00,1.00,9.510183,2689.905490,4.662045
3.00,-39.00,3.00,1.00,10.127018,1873.083692,2.324603
4.00,-39.00,3.00,1.00,9.171785,2366.392616,2.745579
5.00,-39.00,3.00,1.00,9.242905,2401.768938,2.977126
6.00,-39.00,3.00,1.00,9.551821,2150.231792,2.606846
7.00,-39.00,3.00,1.00,9.269597,2050.557446,2.498312
8.00,-39.00,3.00,1.00,10.677956,2168.310515,2.658721
9.00,-39.00,3.00,1.00,9.766421,1782.001360,2.214164
10.00,-39.00,3.00,1.00,9.815685,2366.919035,2.734679
0.00,-36.00,3.00,1.00,9.575081,2906.495308,4.898822
1.00,-36.00,3.00,1.00,9.385993,2207.695208,2.655441
2.00,-36.00,3.00,1.00,9.643929,2500.290035,3.197471
3.00,-36.00,3.00,1.00,9.884570,2023.864996,2.476879
4.00,-36.00,3.00,1.00,9.128553,2561.003972,2.941581
5.00,-36.00,3.00,1.00,9.309892,2594.341544,3.171159
7.00,-36.00,3.00,1.00,9.271177,2221.367420,2.671080
8.00,-36.00,3.00,1.00,9.409074,2088.105966,2.504152
9.00,-36.00,3.00,1.00,9.931427,1933.541427,2.371114
10.00,-36.00,3.00,1.00,9.673595,2562.853632,2.932113
0.00,-33.00,3.00,1.00,9.402308,3160.529017,5.175073
1.00,-33.00,3.00,1.00,9.355177,2409.973912,2.859876
2.00,-33.00,3.00,1.00,9.549096,2522.167273,3.180942
3.00,-33.00,3.00,1.00,9.787720,2205.128551,2.660187
4.00,-33.00,3.00,1.00,9.090872,2790.531453,3.172962
5.00,-33.00,3.00,1.00,9.206272,2825.829655,3.405413
6.00,-33.00,3.00,1.00,9.512852,2547.446962,3.009060
7.00,-33.00,3.00,1.00,9.264641,2423.011994,2.875057
8.00,-33.00,3.00,1.00,9.315001,2273.351672,2.691243
9.00,-33.00,3.00,1.00,9.648047,2096.315648,2.531747
10.00,-33.00,3.00,1.00,9.632802,2793.999440,3.165090
0.00,-30.00,3.00,1.00,9.584071,3462.788834,5.501655
1.00,-30.00,3.00,1.00,9.137897,2652.157023,3.104743
2.00,-30.00,3.00,1.00,9.514432,2988.619790,3.695608
3.00,-30.00,3.00,1.00,9.641871,2418.812847,2.874249
4.00,-30.00,3.00,1.00,9.050910,3065.300784,3.449972
5.00,-30.00,3.00,1.00,9.226818,3100.763804,3.682283
6.00,-30.00,3.00,1.00,9.406001,2805.379156,3.270220
7.00,-30.00,3.00,1.00,9.366023,2664.534160,3.119396
8.00,-30.00,3.00,1.00,9.241813,2494.228736,2.914434
9.00,-30.00,3.00,1.00,9.607821,2298.489330,2.736183
10.00,-30.00,3.00,1.00,9.554835,3071.180986,3.444568
0.00,-60.00,4.00,1.00,9.546701,1654.269571,3.158288
1.00,-60.00,4.00,1.00,9.449961,1164.192729,1.527550
0.00,-60.00,2.00,2.00,10.081133,1670.789119,2.857892
1.00,-60.00,2.00,2.00,11.529036,1366.937627,2.121592
2.00,-60.00,2.00,2.00,10.559495,1458.834125,1.992512
3.00,-60.00,2.00,2.00,12.048369,1517.969424,2.031605
4.00,-60.00,2.00,2.00,9.650234,1385.004848,1.706895
5.00,-60.00,2.00,2.00,9.993310,1471.990993,1.924847
6.00,-60.00,2.00,2.00,7.679936,1518.970500,1.959269
7.00,-60.00,2.00,2.00,10.521841,1507.055631,1.944949
8.00,-60.00,2.00,2.00,10.733921,1255.960078,1.802608
9.00,-60.00,2.00,2.00,11.195035,1467.730021,1.956268
10.00,-60.00,2.00,2.00,10.000057,1409.012372,1.727893
0.00,-57.00,2.00,2.00,10.019071,1757.618933,2.947079
1.00,-57.00,2.00,2.00,11.149124,1437.753947,2.193346
2.00,-57.00,2.00,2.00,10.460889,1534.587882,2.068901
3.00,-57.00,2.00,2.00,12.044233,1596.971271,2.111199
4.00,-57.00,2.00,2.00,10.073680,1464.930082,1.786960
5.00,-57.00,2.00,2.00,9.948552,1549.021009,2.002410
6.00,-57.00,2.00,2.00,10.783650,1598.522790,2.039284
7.00,-57.00,2.00,2.00,10.597194,1585.894657,2.024262
8.00,-57.00,2.00,2.00,10.688421,1321.041114,1.868053
9.00,-57.00,2.00,2.00,11.048495,1544.587150,2.033760
10.00,-57.00,2.00,2.00,9.902161,1482.768272,1.802129
0.00,-54.00,2.00,2.00,9.914805,1853.912119,3.046030
1.00,-54.00,2.00,2.00,11.199856,1516.246332,2.272924
2.00,-54.00,2.00,2.00,10.383830,1618.607895,2.153663
3.00,-54.00,2.00,2.00,11.663217,1684.630640,2.199545
4.00,-54.00,2.00,2.00,9.565778,1537.815757,1.860700
5.00,-54.00,2.00,2.00,9.928196,1634.414787,2.088302
6.00,-54.00,2.00,2.00,10.679722,1686.792949,2.128226
7.00,-54.00,2.00,2.00,10.408030,1673.413486,2.112327
8.00,-54.00,2.00,2.00,10.759655,1393.201508,1.940616
9.00,-54.00,2.00,2.00,11.259987,1629.914897,2.119770
10.00,-54.00,2.00,2.00,9.902355,1564.686037,1.884515
0.00,-51.00,2.00,2.00,9.868362,1961.426364,3.156699
1.00,-51.00,2.00,2.00,11.094913,1603.726643,2.361668
2.00,-51.00,2.00,2.00,10.322485,1712.333476,2.248257
3.00,-51.00,2.00,2.00,11.736319,1782.420854,2.298134
4.00,-51.00,2.00,2.00,9.697785,1629.200890,1.952711
5.00,-51.00,2.00,2.00,9.801178,1729.620915,2.184249
6.00,-51.00,2.00,2.00,7.680000,1734.296743,2.173264
7.00,-51.00,2.00,2.00,10.300214,1771.077641,2.210608
8.00,-51.00,2.00,2.00,10.515157,1473.595761,2.021513
9.00,-51.00,2.00,2.00,11.131256,1725.188397,2.215913
10.00,-51.00,2.00,2.00,9.797556,1656.110282,1.976485
0.00,-48.00,2.00,2.00,9.821520,2081.897263,3.280838
1.00,-48.00,2.00,2.00,10.234980,1701.822013,2.461232
2.00,-48.00,2.00,2.00,10.119585,1817.541106,2.354495
3.00,-48.00,2.00,2.00,11.579164,1892.200505,2.408851
4.00,-48.00,2.00,2.00,9.483692,1728.838524,2.052828
5.00,-48.00,2.00,2.00,9.826810,1836.676167,2.292082
6.00,-48.00,2.00,2.00,10.395670,1896.218607,2.339106
7.00,-48.00,2.00,2.00,10.158631,1880.832088,2.321066
8.00,-48.00,2.00,2.00,10.365119,1563.760831,2.112251
9.00,-48.00,2.00,2.00,11.123448,1832.189831,2.323992
10.00,-48.00,2.00,2.00,9.748941,1758.976996,2.079896
0.00,-45.00,2.00,2.00,9.707860,2218.121997,3.421425
1.00,-45.00,2.00,2.00,10.587553,1812.556358,2.573735
2.00,-45.00,2.00,2.00,10.047083,1936.401911,2.474569
3.00,-45.00,2.00,2.00,11.376448,2016.312916,2.534089
4.00,-45.00,2.00,2.00,9.471552,1843.247542,2.168025
5.00,-45.00,2.00,2.00,9.721445,1957.761042,2.414052
6.00,-45.00,2.00,2.00,10.447598,2021.526917,2.465234
7.00,-45.00,2.00,2.00,10.462245,1952.960973,2.392843
8.00,-45.00,2.00,2.00,10.340992,1665.601930,2.214757
9.00,-45.00,2.00,2.00,10.965704,1953.427434,2.446400
10.00,-45.00,2.00,2.00,9.668786,1875.466106,2.197174
0.00,-42.00,2.00,2.00,9.589817,2373.382850,3.581973
1.00,-42.00,2.00,2.00,10.220137,1938.534640,2.701804
2.00,-42.00,2.00,2.00,9.990381,2071.839836,2.611476
3.00,-42.00,2.00,2.00,11.078792,2157.819454,2.676939
4.00,-42.00,2.00,2.00,8.985268,1810.628094,2.133780
5.00,-42.00,2.00,2.00,9.749296,2095.936058,2.553198
6.00,-42.00,2.00,2.00,10.284838,2164.783415,2.609194
7.00,-42.00,2.00,2.00,10.063126,2146.595811,2.588609
8.00,-42.00,2.00,2.00,10.199268,1781.456368,2.331426
9.00,-42.00,2.00,2.00,10.846320,2091.758057,2.586218
10.00,-42.00,2.00,2.00,9.564620,2008.465098,2.331086
0.00,-39.00,2.00,2.00,9.572632,2551.873160,3.766865
1.00,-39.00,2.00,2.00,9.969459,2083.101967,2.848869
2.00,-39.00,2.00,2.00,10.019794,2227.532867,2.768946
3.00,-39.00,2.00,2.00,10.998976,2320.584756,2.841334
4.00,-39.00,2.00,2.00,9.299246,2124.308593,2.451133
5.00,-39.00,2.00,2.00,9.591381,2255.008764,2.713496
6.00,-39.00,2.00,2.00,10.112899,2330.356461,2.775718
7.00,-39.00,2.00,2.00,9.991351,2309.526251,2.752656
8.00,-39.00,2.00,2.00,10.033508,1914.457394,2.465413
9.00,-39.00,2.00,2.00,10.682801,2251.172451,2.747460
10.00,-39.00,2.00,2.00,9.520266,2161.753365,2.485444
0.00,-36.00,2.00,2.00,9.513547,2759.258300,3.982133
1.00,-36.00,2.00,2.00,9.817981,2250.624783,3.019463
2.00,-36.00,2.00,2.00,9.889395,2408.411744,2.952017
3.00,-36.00,2.00,2.00,10.817697,2509.799378,3.032555
4.00,-36.00,2.00,2.00,9.277666,2299.578569,2.627780
5.00,-36.00,2.00,2.00,9.200072,2356.645861,2.823548
6.00,-36.00,2.00,2.00,10.000942,2520.894521,2.968253
7.00,-36.00,2.00,2.00,9.934288,2499.174422,2.943666
8.00,-36.00,2.00,2.00,9.955090,2068.652661,2.620815
9.00,-36.00,2.00,2.00,10.501173,2436.862222,2.935409
10.00,-36.00,2.00,2.00,9.471454,2340.336602,2.665447
0.00,-33.00,2.00,2.00,9.457975,3003.131402,4.235853
1.00,-33.00,2.00,2.00,9.534440,2447.010012,3.219597
2.00,-33.00,2.00,2.00,9.833970,2621.103198,3.167439
3.00,-33.00,2.00,2.00,10.515767,2732.491693,3.257733
4.00,-33.00,2.00,2.00,9.278045,2506.343363,2.836351
5.00,-33.00,2.00,2.00,9.464147,2658.261978,3.119966
6.00,-33.00,2.00,2.00,9.832046,2746.881512,3.196020
7.00,-33.00,2.00,2.00,9.805928,2722.841339,3.168910
8.00,-33.00,2.00,2.00,9.917845,2249.523154,2.803183
9.00,-33.00,2.00,2.00,10.567506,2655.899255,3.157289
10.00,-33.00,2.00,2.00,9.424524,2551.146864,2.877904
0.00,-30.00,2.00,2.00,9.437904,3294.292226,4.539539
1.00,-30.00,2.00,2.00,9.673857,2680.332737,3.457557
2.00,-30.00,2.00,2.00,9.703282,2842.000186,3.394582
3.00,-30.00,2.00,2.00,10.499738,2998.938222,3.527419
4.00,-30.00,2.00,2.00,9.427604,2748.236574,3.082959
5.00,-30.00,2.00,2.00,9.438475,2918.836458,3.382845
6.00,-30.00,2.00,2.00,9.713633,3017.350771,3.468571
7.00,-30.00,2.00,2.00,9.731751,2990.254359,3.438404
8.00,-30.00,2.00,2.00,9.754309,2464.630992,3.020180
9.00,-30.00,2.00,2.00,10.387592,2918.201555,3.423244
10.00,-30.00,2.00,2.00,9.423846,2803.562039,3.132439
0.00,-60.00,3.00,2.00,11.148092,1542.455893,2.346316
1.00,-60.00,3.00,2.00,10.091384,1091.555040,1.530698
2.00,-60.00,3.00,2.00,10.574787,1265.229236,1.634994
3.00,-60.00,3.00,2.00,10.852278,1278.918026,1.638147
8.00,-60.00,3.00,2.00,9.823998,1043.565703,1.457990
9.00,-60.00,3.00,2.00,10.385343,1207.841166,1.561498
0.00,-57.00,3.00,2.00,11.035272,1622.194510,2.427730
1.00,-57.00,3.00,2.00,10.033536,1149.136050,1.588793
2.00,-57.00,3.00,2.00,10.324208,1321.448917,1.690985
3.00,-57.00,3.00,2.00,10.700221,1344.406277,1.705413
4.00,-57.00,3.00,2.00,9.216867,1176.857424,1.436225
5.00,-57.00,3.00,2.00,7.679966,1369.609104,1.699941
6.00,-57.00,3.00,2.00,7.680000,1364.442941,1.690957
7.00,-57.00,3.00,2.00,7.680008,1366.749518,1.691336
8.00,-57.00,3.00,2.00,9.854569,1097.685877,1.512488
0.00,-54.00,3.00,2.00,10.867538,1710.551894,2.518027
1.00,-54.00,3.00,2.00,10.047350,1213.079391,1.653323
2.00,-54.00,3.00,2.00,10.015056,1329.749835,1.705692
3.00,-54.00,3.00,2.00,10.543424,1436.848827,1.796457
4.00,-54.00,3.00,2.00,9.139907,1241.040899,1.500836
5.00,-54.00,3.00,2.00,7.680000,1454.225825,1.788846
6.00,-54.00,3.00,2.00,7.679974,1504.793068,1.830556
7.00,-54.00,3.00,2.00,7.680007,1441.148690,1.766301
9.00,-54.00,3.00,2.00,10.427830,1341.889085,1.696931
10.00,-54.00,3.00,2.00,9.804926,1265.661448,1.525217
0.00,-51.00,3.00,2.00,10.739312,1809.011987,2.618763
2.00,-51.00,3.00,2.00,10.242803,1482.012047,1.852535
3.00,-51.00,3.00,2.00,10.683195,1516.084295,1.875743
4.00,-51.00,3.00,2.00,9.113523,1312.650684,1.572806
5.00,-51.00,3.00,2.00,7.680052,1527.431914,1.859076
6.00,-51.00,3.00,2.00,7.680000,1561.876478,1.890338
8.00,-51.00,3.00,2.00,10.297200,1232.953817,1.659901
9.00,-51.00,3.00,2.00,10.393190,1417.387098,1.772042
10.00,-51.00,3.00,2.00,9.738034,1338.656347,1.598634
0.00,-48.00,3.00,2.00,10.669719,1919.364903,2.731795
1.00,-48.00,3.00,2.00,9.915347,1364.745428,1.806446
2.00,-48.00,3.00,2.00,10.152417,1573.334344,1.944607
3.00,-48.00,3.00,2.00,10.443469,1613.117018,1.973868
4.00,-48.00,3.00,2.00,9.073985,1392.932046,1.653584
5.00,-48.00,3.00,2.00,7.680015,1620.754558,1.953156
6.00,-48.00,3.00,2.00,7.680033,1689.429347,2.016559
7.00,-48.00,3.00,2.00,7.679963,1617.056419,1.943532
8.00,-48.00,3.00,2.00,10.156124,1259.922165,1.684542
9.00,-48.00,3.00,2.00,10.375241,1503.398007,1.859002
10.00,-48.00,3.00,2.00,9.657222,1420.530812,1.681001
0.00,-45.00,3.00,2.00,10.513525,2043.937484,2.859567
1.00,-45.00,3.00,2.00,9.839622,1455.570059,1.898183
2.00,-45.00,3.00,2.00,10.107744,1676.527007,2.048766
3.00,-45.00,3.00,2.00,10.468298,1718.549490,2.079614
4.00,-45.00,3.00,2.00,9.090869,1482.185052,1.743601
5.00,-45.00,3.00,2.00,7.680000,1725.620129,2.058182
6.00,-45.00,3.00,2.00,7.679999,1799.787291,2.127683
7.00,-45.00,3.00,2.00,7.680000,1696.177238,2.036106
8.00,-45.00,3.00,2.00,9.565807,1384.261157,1.801300
9.00,-45.00,3.00,2.00,10.779550,1670.290443,2.035519
10.00,-45.00,3.00,2.00,10.196625,1467.178715,1.733041
0.00,-42.00,3.00,2.00,10.286130,2185.469537,3.004906
1.00,-42.00,3.00,2.00,9.715593,1559.150101,2.002833
2.00,-42.00,3.00,2.00,10.134243,1794.187986,2.167500
3.00,-42.00,3.00,2.00,10.442525,1819.575074,2.182132
4.00,-42.00,3.00,2.00,9.020502,1586.695335,1.848628
5.00,-42.00,3.00,2.00,7.680069,1845.855363,2.180187
6.00,-42.00,3.00,2.00,7.679995,1925.390745,2.254306
7.00,-42.00,3.00,2.00,7.679939,1841.492723,2.169739
8.00,-42.00,3.00,2.00,10.115076,1485.446704,1.927841
9.00,-42.00,3.00,2.00,10.215122,1712.365246,2.069568
10.00,-42.00,3.00,2.00,9.491011,1618.154619,1.879891
0.00,-39.00,3.00,2.00,10.412334,2347.855333,3.171918
1.00,-39.00,3.00,2.00,9.652479,1678.326806,2.123281
2.00,-39.00,3.00,2.00,10.049145,1929.513259,2.304041
3.00,-39.00,3.00,2.00,10.198254,1975.889054,2.339321
4.00,-39.00,3.00,2.00,8.989107,1696.267602,1.958690
5.00,-39.00,3.00,2.00,7.679941,1983.398406,2.318897
6.00,-39.00,3.00,2.00,7.679974,2069.756661,2.399781
7.00,-39.00,3.00,2.00,7.679923,1978.595926,2.308012
8.00,-39.00,3.00,2.00,9.544789,1591.272098,2.010152
9.00,-39.00,3.00,2.00,10.087479,1840.090253,2.198351
10.00,-39.00,3.00,2.00,9.480090,1738.859914,2.001418
0.00,-36.00,3.00,2.00,10.434133,2535.968174,3.365748
1.00,-36.00,3.00,2.00,9.613369,1816.821849,2.263299
2.00,-36.00,3.00,2.00,9.957722,2086.729554,2.462961
3.00,-36.00,3.00,2.00,10.040715,2135.574510,2.500314
4.00,-36.00,3.00,2.00,8.911981,1842.203427,2.105971
5.00,-36.00,3.00,2.00,7.680000,2140.775534,2.477606
6.00,-36.00,3.00,2.00,7.680016,2237.324152,2.568743
7.00,-36.00,3.00,2.00,7.679946,2137.722749,2.468568
8.00,-36.00,3.00,2.00,9.417904,1719.534365,2.139639
9.00,-36.00,3.00,2.00,10.108402,1988.211021,2.347777
10.00,-36.00,3.00,2.00,9.354262,1878.757894,2.142309
0.00,-33.00,3.00,2.00,10.339022,2756.212487,3.593070
1.00,-33.00,3.00,2.00,9.495877,1979.675360,2.427997
2.00,-33.00,3.00,2.00,9.873826,2271.764005,2.649925
3.00,-33.00,3.00,2.00,10.021353,2323.206121,2.689598
4.00,-33.00,3.00,2.00,8.883400,2002.964262,2.267989
5.00,-33.00,3.00,2.00,9.428182,2329.966801,2.668805
6.00,-33.00,3.00,2.00,7.680069,2434.061655,2.767163
7.00,-33.00,3.00,2.00,7.680000,2320.231640,2.653137
8.00,-33.00,3.00,2.00,9.321251,1869.977332,2.291598
9.00,-33.00,3.00,2.00,9.943313,2162.185272,2.523405
10.00,-33.00,3.00,2.00,9.276705,2042.741314,2.307503
0.00,-30.00,3.00,2.00,10.191568,3017.700939,3.863519
1.00,-30.00,3.00,2.00,9.322869,2173.832927,2.624427
2.00,-30.00,3.00,2.00,9.815008,2492.384647,2.873125
3.00,-30.00,3.00,2.00,9.956557,2546.566818,2.915063
4.00,-30.00,3.00,2.00,8.840346,2193.948541,2.460505
5.00,-30.00,3.00,2.00,9.364139,2552.588022,2.893813
6.00,-30.00,3.00,2.00,9.574875,2668.287409,3.003490
7.00,-30.00,3.00,2.00,9.603641,2565.288224,2.901014
8.00,-30.00,3.00,2.00,9.278686,2048.840844,2.472363
9.00,-30.00,3.00,2.00,9.824559,2369.325654,2.732672
10.00,-30.00,3.00,2.00,9.219962,2226.002718,2.492044
0.00,-60.00,2.00,3.00,10.638110,1871.295536,3.950805
1.00,-60.00,2.00,3.00,11.498168,1528.764788,2.283167
2.00,-60.00,2.00,3.00,10.539040,1535.962520,2.308410
3.00,-60.00,2.00,3.00,11.391977,1465.392734,2.057223
4.00,-60.00,2.00,3.00,10.477998,1916.300938,2.556252
5.00,-60.00,2.00,3.00,10.092729,1576.760470,2.223995
6.00,-60.00,2.00,3.00,11.421451,1512.254980,2.065050
7.00,-60.00,2.00,3.00,11.012579,1477.457002,2.020024
8.00,-60.00,2.00,3.00,10.655156,1189.821661,1.722411
9.00,-60.00,2.00,3.00,10.505869,1349.083492,1.897267
10.00,-60.00,2.00,3.00,11.246716,1763.916537,2.308013
0.00,-57.00,2.00,3.00,10.336659,1968.279284,4.051231
1.00,-57.00,2.00,3.00,11.465918,1608.075229,2.363450
2.00,-57.00,2.00,3.00,10.541768,1615.624674,2.389247
3.00,-57.00,2.00,3.00,11.211450,1542.286423,2.134865
4.00,-57.00,2.00,3.00,10.254275,2014.373530,2.653000
5.00,-57.00,2.00,3.00,10.063776,1658.836345,2.307536
6.00,-57.00,2.00,3.00,11.100967,1591.181241,2.145212
7.00,-57.00,2.00,3.00,10.980717,1554.911483,2.098439
8.00,-57.00,2.00,3.00,10.378546,1251.651552,1.784568
9.00,-57.00,2.00,3.00,10.393392,1419.253577,1.967847
10.00,-57.00,2.00,3.00,11.549937,1756.059970,2.288901
0.00,-54.00,2.00,3.00,10.413465,2075.748996,4.162729
1.00,-54.00,2.00,3.00,11.230777,1695.990824,2.452475
2.00,-54.00,2.00,3.00,10.385107,1703.913064,2.478890
3.00,-54.00,2.00,3.00,11.059204,1627.662947,2.221109
4.00,-54.00,2.00,3.00,10.124264,2125.603325,2.765084
5.00,-54.00,2.00,3.00,9.877498,1750.022677,2.400404
6.00,-54.00,2.00,3.00,10.916684,1678.787168,2.234221
7.00,-54.00,2.00,3.00,10.837674,1640.905767,2.185526
8.00,-54.00,2.00,3.00,10.248091,1320.231893,1.853527
9.00,-54.00,2.00,3.00,10.241072,1497.050530,2.046128
10.00,-54.00,2.00,3.00,11.298602,1959.129264,2.504556
0.00,-51.00,2.00,3.00,10.161726,2195.662695,4.286250
1.00,-51.00,2.00,3.00,11.169957,1794.023644,2.551785
2.00,-51.00,2.00,3.00,10.195365,1802.397581,2.578966
3.00,-51.00,2.00,3.00,10.684978,1722.999272,2.317460
4.00,-51.00,2.00,3.00,10.056653,2249.830174,2.890301
5.00,-51.00,2.00,3.00,7.680000,1841.906045,2.500883
6.00,-51.00,2.00,3.00,10.951915,1776.000631,2.332414
7.00,-51.00,2.00,3.00,10.885144,1736.413659,2.282165
8.00,-51.00,2.00,3.00,10.261344,1396.734449,1.930473
9.00,-51.00,2.00,3.00,10.130176,1583.836152,2.133462
10.00,-51.00,2.00,3.00,11.121045,2073.820983,2.620060
0.00,-48.00,2.00,3.00,9.867985,2330.104906,4.424457
1.00,-48.00,2.00,3.00,10.735878,1903.973102,2.663256
2.00,-48.00,2.00,3.00,10.026851,1912.817281,2.691242
3.00,-48.00,2.00,3.00,10.787880,1830.144930,2.425802
4.00,-48.00,2.00,3.00,9.879968,2389.377914,3.031011
5.00,-48.00,2.00,3.00,9.723346,1966.154437,2.620755
6.00,-48.00,2.00,3.00,11.015189,1886.336397,2.445218
7.00,-48.00,2.00,3.00,10.707409,1843.244710,2.390093
8.00,-48.00,2.00,3.00,11.407596,1899.932435,2.660856
9.00,-48.00,2.00,3.00,9.968667,1681.197326,2.231473
10.00,-48.00,2.00,3.00,10.787211,2202.693736,2.749868
0.00,-45.00,2.00,3.00,10.030745,2482.086872,4.580080
1.00,-45.00,2.00,3.00,10.648373,2028.153788,2.789250
2.00,-45.00,2.00,3.00,10.145719,2037.603401,2.818271
3.00,-45.00,2.00,3.00,10.710656,1951.435115,2.548516
4.00,-45.00,2.00,3.00,9.855126,2547.351873,3.190356
5.00,-45.00,2.00,3.00,9.715434,2095.699580,2.752975
6.00,-45.00,2.00,3.00,10.905413,2010.502199,2.571519
7.00,-45.00,2.00,3.00,10.647249,1963.829146,2.511875
8.00,-45.00,2.00,3.00,10.057167,1579.623192,2.114490
9.00,-45.00,2.00,3.00,10.074080,1791.230276,2.342277
10.00,-45.00,2.00,3.00,10.817088,2347.874848,2.897154
0.00,-42.00,2.00,3.00,9.811450,2655.087622,4.755592
1.00,-42.00,2.00,3.00,10.424129,2169.541515,2.932750
2.00,-42.00,2.00,3.00,10.070851,2179.658337,2.962913
3.00,-42.00,2.00,3.00,10.309209,2089.830114,2.688620
4.00,-42.00,2.00,3.00,9.790562,2727.659546,3.372299
5.00,-42.00,2.00,3.00,9.593073,2243.714951,2.904172
6.00,-42.00,2.00,3.00,10.612825,2152.044620,2.715555
7.00,-42.00,2.00,3.00,10.575720,2050.454873,2.622510
8.00,-42.00,2.00,3.00,9.875228,1690.128517,2.225739
9.00,-42.00,2.00,3.00,10.089257,1916.561131,2.468530
10.00,-42.00,2.00,3.00,10.368275,2574.103094,3.142403
0.00,-39.00,2.00,3.00,9.612801,2853.924260,4.955868
1.00,-39.00,2.00,3.00,10.288402,2331.928460,3.097706
2.00,-39.00,2.00,3.00,9.833797,2342.808106,3.129249
3.00,-39.00,2.00,3.00,10.248077,2249.247379,2.850113
4.00,-39.00,2.00,3.00,9.747803,2935.441336,3.582055
5.00,-39.00,2.00,3.00,9.549615,2414.465151,3.078748
6.00,-39.00,2.00,3.00,10.324904,2316.055843,2.885304
7.00,-39.00,2.00,3.00,10.236465,2258.739572,2.809719
8.00,-39.00,2.00,3.00,9.742427,1817.154763,2.353654
9.00,-39.00,2.00,3.00,9.917918,2060.592722,2.613678
10.00,-39.00,2.00,3.00,10.312421,2706.749458,3.257788
0.00,-36.00,2.00,3.00,9.657188,3084.776350,5.185927
1.00,-36.00,2.00,3.00,9.818392,2520.351090,3.289257
2.00,-36.00,2.00,3.00,9.610595,2532.139451,3.322455
3.00,-36.00,2.00,3.00,10.105867,2434.833042,3.038252
4.00,-36.00,2.00,3.00,9.668931,3177.474674,3.826505
5.00,-36.00,2.00,3.00,9.438728,2614.125903,3.283078
6.00,-36.00,2.00,3.00,10.192269,2504.043282,3.074016
7.00,-36.00,2.00,3.00,10.201985,2441.651497,2.994475
8.00,-36.00,2.00,3.00,9.708758,1964.685984,2.502267
9.00,-36.00,2.00,3.00,9.699881,2227.825835,2.782275
10.00,-36.00,2.00,3.00,10.282138,2929.868859,3.482724
0.00,-33.00,2.00,3.00,9.662606,3355.926874,5.452634
1.00,-33.00,2.00,3.00,9.813383,2741.585289,3.514325
2.00,-33.00,2.00,3.00,9.712828,2754.541057,3.549643
3.00,-33.00,2.00,3.00,9.900021,2653.608030,3.260210
4.00,-33.00,2.00,3.00,9.568549,3463.021764,4.115052
5.00,-33.00,2.00,3.00,9.366333,2849.899088,3.524652
6.00,-33.00,2.00,3.00,10.059662,2726.586943,3.300800
7.00,-33.00,2.00,3.00,10.071272,2656.348745,3.211367
8.00,-33.00,2.00,3.00,9.594132,2138.042515,2.676970
9.00,-33.00,2.00,3.00,9.913821,2617.594268,3.225868
10.00,-33.00,2.00,3.00,10.162047,3192.761466,3.747825
0.00,-30.00,2.00,3.00,9.512573,3679.440563,5.765815
1.00,-30.00,2.00,3.00,9.591583,3005.048864,3.782559
2.00,-30.00,2.00,3.00,9.605954,3019.436965,3.820516
3.00,-30.00,2.00,3.00,9.759169,2915.384636,3.526019
4.00,-30.00,2.00,3.00,9.568576,3805.024295,4.460844
5.00,-30.00,2.00,3.00,9.286807,3132.817051,3.814920
6.00,-30.00,2.00,3.00,9.827914,2995.240336,3.578556
7.00,-30.00,2.00,3.00,9.983911,3225.408714,3.872436
8.00,-30.00,2.00,3.00,9.517635,2344.772876,2.885367
9.00,-30.00,2.00,3.00,9.645298,2658.491774,3.216757
10.00,-30.00,2.00,3.00,10.240239,3507.064218,4.064859
0.00,-60.00,3.00,3.00,10.298900,1670.414211,3.084305
1.00,-60.00,3.00,3.00,9.789696,1128.621559,1.555664
2.00,-60.00,3.00,3.00,10.563774,1450.512139,1.965564
3.00,-60.00,3.00,3.00,10.562184,1300.351922,1.715809
4.00,-60.00,3.00,3.00,9.689782,1188.809631,1.491682
5.00,-60.00,3.00,3.00,7.680000,1437.143077,1.847916
6.00,-60.00,3.00,3.00,7.680000,1357.708634,1.724838
8.00,-60.00,3.00,3.00,9.490184,1097.321181,1.493918
9.00,-60.00,3.00,3.00,10.285817,1208.599076,1.613823
10.00,-60.00,3.00,3.00,9.989319,1235.577519,1.536345
0.00,-57.00,3.00,3.00,10.314988,1757.234505,3.172191
1.00,-57.00,3.00,3.00,9.711745,1188.030514,1.615526
2.00,-57.00,3.00,3.00,10.492243,1526.215213,2.042029
3.00,-57.00,3.00,3.00,10.555197,1368.621502,1.784656
4.00,-57.00,3.00,3.00,9.634382,1251.589797,1.554916
5.00,-57.00,3.00,3.00,7.680000,1511.839067,1.924001
6.00,-57.00,3.00,3.00,7.680000,1425.684910,1.794712
8.00,-57.00,3.00,3.00,9.714532,1154.578633,1.551581
9.00,-57.00,3.00,3.00,10.301639,1271.751445,1.677460
0.00,-54.00,3.00,3.00,10.186833,1853.531222,3.268870
1.00,-54.00,3.00,3.00,9.644579,1253.996105,1.682012
2.00,-54.00,3.00,3.00,10.463465,1610.229922,2.126931
3.00,-54.00,3.00,3.00,10.483113,1444.409532,1.861107
4.00,-54.00,3.00,3.00,9.542072,1321.384936,1.625235
5.00,-54.00,3.00,3.00,9.512381,1594.248789,2.007918
6.00,-54.00,3.00,3.00,7.680000,1504.404393,1.874590
7.00,-54.00,3.00,3.00,10.146222,1481.967124,1.853907
8.00,-54.00,3.00,3.00,9.556816,1218.102761,1.615575
9.00,-54.00,3.00,3.00,10.288594,1341.871239,1.748139
10.00,-54.00,3.00,3.00,9.947318,1372.256788,1.673962
0.00,-51.00,3.00,3.00,10.090137,1960.965975,3.375481
1.00,-51.00,3.00,3.00,9.521002,1327.658942,1.756276
2.00,-51.00,3.00,3.00,10.316424,1704.006794,2.221740
3.00,-51.00,3.00,3.00,10.310473,1529.027133,1.946493
4.00,-51.00,3.00,3.00,9.416822,1399.452373,1.703912
5.00,-51.00,3.00,3.00,9.491313,1686.135197,2.101545
6.00,-51.00,3.00,3.00,9.939904,1595.886190,1.966847
7.00,-51.00,3.00,3.00,9.808569,1558.550605,1.931275
8.00,-51.00,3.00,3.00,9.571339,1288.977685,1.686997
9.00,-51.00,3.00,3.00,10.721431,1464.717785,1.883783
10.00,-51.00,3.00,3.00,9.818025,1452.587354,1.754877
0.00,-48.00,3.00,3.00,9.974781,2081.547982,3.493943
1.00,-48.00,3.00,3.00,9.633812,1410.430739,1.839746
2.00,-48.00,3.00,3.00,10.287343,1809.346787,2.328305
3.00,-48.00,3.00,3.00,10.400559,1624.085346,2.042445
4.00,-48.00,3.00,3.00,9.323166,1487.342958,1.792517
5.00,-48.00,3.00,3.00,9.386975,1789.487903,2.206924
6.00,-48.00,3.00,3.00,9.876217,1691.264557,2.064284
7.00,-48.00,3.00,3.00,9.998410,1666.218778,2.041032
8.00,-48.00,3.00,3.00,9.494899,1368.564032,1.767224
9.00,-48.00,3.00,3.00,10.075093,1508.104044,1.915785
10.00,-48.00,3.00,3.00,9.793267,1542.901102,1.845877
0.00,-45.00,3.00,3.00,9.881579,2217.814850,3.625945
1.00,-45.00,3.00,3.00,9.561246,1504.099801,1.934233
2.00,-45.00,3.00,3.00,9.940743,1927.214504,2.448526
3.00,-45.00,3.00,3.00,10.324220,1731.612070,2.151021
4.00,-45.00,3.00,3.00,9.162173,1587.041748,1.893050
5.00,-45.00,3.00,3.00,9.269701,1906.922251,2.326732
6.00,-45.00,3.00,3.00,9.812423,1803.028257,2.177734
7.00,-45.00,3.00,3.00,10.017241,1776.579028,2.153149
8.00,-45.00,3.00,3.00,9.546780,1458.568445,1.857988
9.00,-45.00,3.00,3.00,10.079401,1607.638532,2.016221
10.00,-45.00,3.00,3.00,9.584010,1645.167597,1.948952
0.00,-42.00,3.00,3.00,9.776437,2373.154798,3.774039
1.00,-42.00,3.00,3.00,9.431120,1610.933333,2.042030
2.00,-42.00,3.00,3.00,10.124362,2064.536716,2.586676
3.00,-42.00,3.00,3.00,10.230695,1854.228601,2.274881
4.00,-42.00,3.00,3.00,9.188611,1700.957765,2.007940
5.00,-42.00,3.00,3.00,9.206891,2041.389429,2.463950
6.00,-42.00,3.00,3.00,9.824642,1930.399712,2.307015
7.00,-42.00,3.00,3.00,9.866572,1902.566792,2.281167
8.00,-42.00,3.00,3.00,9.427496,1561.134967,1.961461
9.00,-42.00,3.00,3.00,10.018215,1721.203819,2.130859
10.00,-42.00,3.00,3.00,9.491855,1761.900833,2.066634
0.00,-39.00,3.00,3.00,9.715713,2551.765207,3.941409
1.00,-39.00,3.00,3.00,9.361594,1733.938488,2.166175
2.00,-39.00,3.00,3.00,10.170699,2221.104343,2.745353
3.00,-39.00,3.00,3.00,10.170552,1995.274592,2.417412
4.00,-39.00,3.00,3.00,9.349720,1836.405069,2.145099
5.00,-39.00,3.00,3.00,9.147201,2199.078119,2.623731
6.00,-39.00,3.00,3.00,9.720167,2076.755609,2.455534
7.00,-39.00,3.00,3.00,9.795519,2047.747959,2.428711
8.00,-39.00,3.00,3.00,9.384498,1679.124708,2.080544
9.00,-39.00,3.00,3.00,10.005367,1851.955398,2.262902
10.00,-39.00,3.00,3.00,9.432273,1896.231979,2.202083
0.00,-36.00,3.00,3.00,9.603896,2759.445432,4.132106
1.00,-36.00,3.00,3.00,9.240539,1876.975275,2.310572
2.00,-36.00,3.00,3.00,10.107761,2403.410172,2.930239
3.00,-36.00,3.00,3.00,10.100755,2159.175199,2.583106
4.00,-36.00,3.00,3.00,9.109449,1985.627648,2.295147
5.00,-36.00,3.00,3.00,9.136614,2378.692453,2.808484
6.00,-36.00,3.00,3.00,9.697388,2246.715386,2.627970
7.00,-36.00,3.00,3.00,9.626324,2216.862372,2.600596
8.00,-36.00,3.00,3.00,9.333697,1816.224325,2.218980
9.00,-36.00,3.00,3.00,9.842154,2004.097015,2.416619
10.00,-36.00,3.00,3.00,9.268304,2060.707295,2.367884
0.00,-33.00,3.00,3.00,9.598746,3004.079131,4.351545
1.00,-33.00,3.00,3.00,9.305695,2045.280132,2.480544
2.00,-33.00,3.00,3.00,9.784124,2618.630036,3.148693
3.00,-33.00,3.00,3.00,9.953770,2351.902583,2.778028
4.00,-33.00,3.00,3.00,9.026341,2166.783288,2.477999
5.00,-33.00,3.00,3.00,9.208784,2601.706441,3.037787
6.00,-33.00,3.00,3.00,9.554977,2446.509644,2.830631
7.00,-33.00,3.00,3.00,9.604760,2416.399709,2.803412
8.00,-33.00,3.00,3.00,9.173517,1977.510994,2.381922
9.00,-33.00,3.00,3.00,9.827559,2183.313971,2.597783
10.00,-33.00,3.00,3.00,9.216460,2236.805488,2.545652
0.00,-30.00,3.00,3.00,9.350897,3296.345875,4.606972
1.00,-30.00,3.00,3.00,9.219423,2246.087072,2.683427
2.00,-30.00,3.00,3.00,9.714624,2875.915021,3.410110
3.00,-30.00,3.00,3.00,9.834503,2581.618111,3.010465
4.00,-30.00,3.00,3.00,8.993975,2384.262247,2.697598
5.00,-30.00,3.00,3.00,9.002604,2855.042936,3.295135
6.00,-30.00,3.00,3.00,9.418468,2684.869623,3.072349
7.00,-30.00,3.00,3.00,9.539480,2592.520922,2.988317
8.00,-30.00,3.00,3.00,9.143979,2169.944692,2.576437
9.00,-30.00,3.00,3.00,9.740458,2397.489794,2.814405
10.00,-30.00,3.00,3.00,9.204266,2457.238791,2.768151
0.00,-60.00,2.00,4.00,10.232270,1870.413539,4.002540
1.00,-60.00,2.00,4.00,11.387757,1529.980148,2.282545
2.00,-60.00,2.00,4.00,10.536882,1514.372926,2.223048
3.00,-60.00,2.00,4.00,11.428544,1448.487687,2.010831
4.00,-60.00,2.00,4.00,10.112218,1627.593031,2.002259
5.00,-60.00,2.00,4.00,9.730001,1643.705951,2.195460
6.00,-60.00,2.00,4.00,11.281238,1583.796206,2.082970
7.00,-60.00,2.00,4.00,10.940402,1573.262180,2.071418
8.00,-60.00,2.00,4.00,10.645289,1440.833660,1.990808
9.00,-60.00,2.00,4.00,11.555731,1377.758250,1.922653
10.00,-60.00,2.00,4.00,10.482992,1656.566077,2.025898
0.00,-57.00,2.00,4.00,10.107601,1967.224803,4.103292
1.00,-57.00,2.00,4.00,11.132709,1609.660274,2.362802
2.00,-57.00,2.00,4.00,10.466575,1593.335499,2.302825
3.00,-57.00,2.00,4.00,11.582174,1524.098943,2.087109
4.00,-57.00,2.00,4.00,10.020130,1713.451913,2.088687
5.00,-57.00,2.00,4.00,9.840738,1729.220965,2.283062
6.00,-57.00,2.00,4.00,11.034660,1665.775883,2.166431
7.00,-57.00,2.00,4.00,10.908967,1653.904835,2.153417
8.00,-57.00,2.00,4.00,10.623588,1515.982836,2.066421
9.00,-57.00,2.00,4.00,11.488265,1449.664310,1.995181
10.00,-57.00,2.00,4.00,10.369217,1744.015367,2.113912
0.00,-54.00,2.00,4.00,9.955714,2074.411235,4.215053
1.00,-54.00,2.00,4.00,10.619349,1698.045086,2.451856
2.00,-54.00,2.00,4.00,10.375864,1680.970246,2.391421
3.00,-54.00,2.00,4.00,11.435046,1608.004887,2.171785
4.00,-54.00,2.00,4.00,9.965660,1808.859487,2.184690
5.00,-54.00,2.00,4.00,9.713742,1824.236262,2.380372
6.00,-54.00,2.00,4.00,10.984963,1756.712224,2.259041
7.00,-54.00,2.00,4.00,10.541682,1893.474977,2.426443
8.00,-54.00,2.00,4.00,10.588560,1599.364746,2.150339
9.00,-54.00,2.00,4.00,11.249946,1529.571606,2.075815
10.00,-54.00,2.00,4.00,10.101033,1841.632073,2.211790
0.00,-51.00,2.00,4.00,9.861862,2193.988900,4.339128
1.00,-51.00,2.00,4.00,10.743040,1796.640108,2.551230
2.00,-51.00,2.00,4.00,10.213800,1778.554934,2.490118
3.00,-51.00,2.00,4.00,11.120177,1701.592073,2.266266
4.00,-51.00,2.00,4.00,9.851686,1915.453316,2.292045
5.00,-51.00,2.00,4.00,9.594913,1930.229103,2.488988
6.00,-51.00,2.00,4.00,10.675898,1858.154765,2.362388
7.00,-51.00,2.00,4.00,10.625223,1842.773801,2.345550
8.00,-51.00,2.00,4.00,10.354292,1692.409256,2.244010
9.00,-51.00,2.00,4.00,11.265334,1618.804518,2.165891
10.00,-51.00,2.00,4.00,10.151799,1949.839300,2.321104
0.00,-48.00,2.00,4.00,9.755275,2327.950552,4.477250
1.00,-48.00,2.00,4.00,10.910416,1907.321334,2.662829
2.00,-48.00,2.00,4.00,10.021601,1888.190663,2.601001
3.00,-48.00,2.00,4.00,11.176394,1806.622026,2.372342
4.00,-48.00,2.00,4.00,9.781628,2035.365106,2.412848
5.00,-48.00,2.00,4.00,9.489822,2049.268776,2.611053
6.00,-48.00,2.00,4.00,10.514059,1972.001149,2.478416
7.00,-48.00,2.00,4.00,10.351880,2128.562398,2.666633
8.00,-48.00,2.00,4.00,10.261599,1796.893511,2.349230
9.00,-48.00,2.00,4.00,10.966396,1719.079634,2.267152
10.00,-48.00,2.00,4.00,10.131934,2072.040939,2.444208
0.00,-45.00,2.00,4.00,9.650778,2479.237958,4.632931
1.00,-45.00,2.00,4.00,10.626343,2032.437017,2.789031
2.00,-45.00,2.00,4.00,9.862921,2012.355105,2.726670
3.00,-45.00,2.00,4.00,10.892297,1925.359491,2.492315
4.00,-45.00,2.00,4.00,9.765788,2171.204574,2.549814
5.00,-45.00,2.00,4.00,9.449066,2183.917678,2.749224
6.00,-45.00,2.00,4.00,10.546503,2100.692879,2.609626
7.00,-45.00,2.00,4.00,10.379318,2080.203842,2.587250
8.00,-45.00,2.00,4.00,10.273529,1915.054719,2.468264
9.00,-45.00,2.00,4.00,11.255966,2144.100490,2.772729
10.00,-45.00,2.00,4.00,9.992356,2210.623052,2.583775
0.00,-42.00,2.00,4.00,9.532525,2651.338272,4.808326
1.00,-42.00,2.00,4.00,10.072062,2174.999139,2.932894
2.00,-42.00,2.00,4.00,9.966762,2153.964739,2.870095
3.00,-42.00,2.00,4.00,10.743345,2060.602630,2.629029
4.00,-42.00,2.00,4.00,9.719527,2326.457793,2.706330
5.00,-42.00,2.00,4.00,9.501385,2337.547655,2.907001
6.00,-42.00,2.00,4.00,10.344515,2247.360501,2.759225
7.00,-42.00,2.00,4.00,10.397224,2223.449401,2.733156
9.00,-42.00,2.00,4.00,10.922683,1962.071465,2.512690
10.00,-42.00,2.00,4.00,9.891693,2368.954062,2.743322
0.00,-39.00,2.00,4.00,9.421366,2848.840560,5.007216
1.00,-39.00,2.00,4.00,10.158802,2338.912519,3.098381
2.00,-39.00,2.00,4.00,9.933875,2316.937705,3.035266
3.00,-39.00,2.00,4.00,10.701874,2216.028816,2.786225
4.00,-39.00,2.00,4.00,9.613175,2505.553949,2.886947
5.00,-39.00,2.00,4.00,9.404261,2514.323084,3.088723
6.00,-39.00,2.00,4.00,10.274007,2416.048163,2.931355
7.00,-39.00,2.00,4.00,10.273155,2387.896262,2.900728
8.00,-39.00,2.00,4.00,9.962599,2204.724098,2.760245
9.00,-39.00,2.00,4.00,10.784588,2111.023190,2.663270
10.00,-39.00,2.00,4.00,9.867581,2551.635152,2.927470
0.00,-36.00,2.00,4.00,9.316591,3077.728229,5.235558
1.00,-36.00,2.00,4.00,9.898744,2529.351623,3.290746
2.00,-36.00,2.00,4.00,9.810432,2506.493366,3.227516
3.00,-36.00,2.00,4.00,10.560871,2396.440048,2.968785
4.00,-36.00,2.00,4.00,9.515080,2714.404490,3.097609
5.00,-36.00,2.00,4.00,9.391348,2719.872172,3.300201
6.00,-36.00,2.00,4.00,10.147526,2612.104886,3.131501
7.00,-36.00,2.00,4.00,10.036435,2578.670245,3.095221
8.00,-36.00,2.00,4.00,9.874805,2384.880749,2.941953
9.00,-36.00,2.00,4.00,10.609547,2284.243909,2.838415
10.00,-36.00,2.00,4.00,9.676182,2764.725775,3.142349
0.00,-33.00,2.00,4.00,9.271237,3346.228604,5.500243
1.00,-33.00,2.00,4.00,9.726090,2753.308446,3.517090
2.00,-33.00,2.00,4.00,9.756885,2729.826072,3.454226
3.00,-33.00,2.00,4.00,10.398293,2608.363090,3.183358
4.00,-33.00,2.00,4.00,9.438136,2960.958648,3.346473
5.00,-33.00,2.00,4.00,9.270068,2961.823339,3.549621
6.00,-33.00,2.00,4.00,10.295958,2822.825864,3.353720
7.00,-33.00,2.00,4.00,10.077528,2802.667156,3.323710
8.00,-33.00,2.00,4.00,9.913483,2596.883111,3.155884
9.00,-33.00,2.00,4.00,10.318382,2487.891980,3.044284
10.00,-33.00,2.00,4.00,9.699398,3016.477658,3.396312
0.00,-30.00,2.00,4.00,9.131746,3665.461131,5.810387
1.00,-30.00,2.00,4.00,9.661271,3020.493459,3.787276
2.00,-30.00,2.00,4.00,9.697550,2996.914004,3.725603
3.00,-30.00,2.00,4.00,10.143805,2860.788795,3.439098
4.00,-30.00,2.00,4.00,9.371133,3256.347731,3.644751
5.00,-30.00,2.00,4.00,9.204378,3252.493583,3.849439
6.00,-30.00,2.00,4.00,9.741501,3119.663760,3.649974
7.00,-30.00,2.00,4.00,9.887004,3071.301456,3.597838
8.00,-30.00,2.00,4.00,9.744293,2849.964909,3.411401
9.00,-30.00,2.00,4.00,10.462132,2730.547024,3.289466
10.00,-30.00,2.00,4.00,9.597467,3318.403981,3.701013
